{
  "transform_name": "tv_minimization",
  "timestamp": "20250522_123827",
  "training_time": 744.5535094738007,
  "final_loss": 0.2744036316871643,
  "final_accuracy": 0.9380165338516235,
  "final_sequence_accuracy": 0.71875,
  "best_accuracy": 0.74609375,
  "best_epoch": 39,
  "model_parameters": 6450019
}