Confidence,Success_Rate,Avg_Iterations,Original_Accuracy,Adversarial_Accuracy,Accuracy_Reduction,Original_Loss,Adversarial_Loss,Loss_Increase
0.7,0.9512195121951219,31.641025641025642,1.0,0.048780486,0.9512195,0.030511338,2.872673,2.8421617
0.8,1.0,53.707317073170735,1.0,0.0,1.0,0.030511338,3.6229296,3.5924182
0.9,1.0,84.48780487804878,1.0,0.0,1.0,0.030511338,4.6307907,4.6002793
0.95,1.0,96.09756097560975,1.0,0.0,1.0,0.030511338,4.8174677,4.7869563
