Sigma, Success_Rate        , Original_Accuracy, Noisy_Accuracy, Accuracy_Reduction, Original_Loss, Noisy_Loss  , Loss_Increase
 0.05, 0.024390243902439025,               1.0,      0.9756098,         0.02439022,   0.030511338,  0.044710267,   0.014198929
 0.1 , 0.34146341463414637 ,               1.0,      0.6585366,         0.3414634 ,   0.030511338,  0.17034657 ,   0.13983524
 0.2 , 1.0                 ,               1.0,      0.0      ,         1.0       ,   0.030511338,  8.687901   ,   8.65739
 0.3 , 1.0                 ,               1.0,      0.0      ,         1.0       ,   0.030511338, 13.290298   ,  13.259788
