Model Name              , Validation Loss   , Validation Accuracy, Full Sequence Accuracy, Best Sequence Accuracy, Best Epoch, Training Time (s) , Parameters
Baseline CNN            , 1.1686573028564453,  0.6906730532646179,     0.03515625        ,     0.0694444477558136,         39, 179.63965559005737,    6254339
With Data Augmentation  , 0.8974724411964417,  0.7597402334213257,     0.1427951455116272,     0.1684027761220932,         45, 181.4522454738617 ,    6254339
With Batch Normalization, 0.6060572862625122,  0.8713105320930481,     0.4904513955116272,     0.4813368022441864,         50, 368.25950622558594,    6256259
Double Conv Layers      , 0.5303804874420166,  0.9049586057662964,     0.5980902910232544,     0.6019965410232544,         44, 477.315149307251  ,    6450019
With Residual Connection, 0.4457310438156128,  0.9020071625709534,     0.5772569179534912,     0.5950520634651184,         47, 487.44113278388977,    6458339
Enhanced Augmentation   , 0.5113087892532349,  0.8972845673561096,     0.5716145634651184,     0.5911458134651184,         47, 495.04707956314087,    6458339
Complete Model          , 0.4133196771144867,  0.9073200225830078,     0.5421006679534912,     0.5646701455116272,         48, 622.7419459819794 ,   14731235
